Scrip Code,COMPANY,ISIN No.,Close Price
542772,360 ONE WAM LIMITED,INE466L01038,1197.65
540776,5paisa Capital Limited,INE618L01018,410.45
526881,63 Moons Technologies Limited,INE111B01023,1008.6
544176,Aadhar Housing Finance Limited,INE883F01010,443.85
524348,AARTI DRUGS LTD.,INE767A01016,452.9
543748,Aarti Pharmalabs Limited,INE0LRU01027,859.25
541988,AAVAS Financiers Limited,INE216P01012,1991.9
543712,ABANS FINANCIAL SERVICES LIMIT,INE00ZE01026,247.25
532268,ACCELYA SOLUTIONS INDIA LIMITE,INE793A01012,1420.55
544283,ACME Solar Holdings Limited,INE622W01025,249.3
532762,ACTION CONSTRUCTION EQUIPMENT,INE731H01025,1212.05
543349,ACUTAAS CHEMICALS LIMITED,INE00FF01025,1141.4
519183,ADF FOODS LTD.,INE982B01027,275.9
500040,ADITYA BIRLA REAL ESTATE LIMIT,INE055A01016,2399.15
543374,Aditya Birla Sun Life AMC Limi,INE404A01024,764.9
540205,Aditya Vision Limited,INE679V01027,397.4
517041,ADOR WELDING LTD.,INE045A01017,1017.05
543230,ADVAIT ENERGY TRANSITIONS LIMI,INE0ALI01010,1864.9
540025,Advanced Enzyme Technologies L,INE837H01020,329.8
500003,AEGIS LOGISTICS LTD.,INE208C01025,782.55
511076,AEROFLEX ENTERPRISES LIMITED,INE065D01027,99.6
543972,Aeroflex Industries Limited,INE024001021,209.7
543534,Aether Industries Limited,INE0BWX01014,764.8
544280,Afcons Infrastructure Limited,INE101I01011,442.55
542752,AFFLE 3I LIMITED,INE00WC01027,1981.95
531921,AGARWAL INDUSTRIAL CORPORATION,INE204E01012,980.2
500187,AGI GREENPAC LIMITED,INE415A01038,806.8
532811,AHLUWALIA CONTRACTS (INDIA) LT,INE758C01029,989.45
513349,AJMERA REALTY & INFRA INDIA LT,INE298G01027,928.2
544222,Akums Drugs and Pharmaceutical,INE09XN01023,593.35
500710,AKZO NOBEL INDIA LIMITED,INE133A01011,3414.75
506235,ALEMBIC LTD.,INE426A01027,115.6
533573,ALEMBIC PHARMACEUTICALS LTD.,INE901L01018,971.85
531147,ALICON CASTALLOY LIMITED,INE062D01024,884.95
543322,ALIVUS LIFE SCIENCES LIMITED,INE03Q201024,1001.25
506767,ALKYL AMINES CHEMICALS LTD.,INE150B01039,2259.4
532345,ALLCARGO GATI LIMITED,INE152B01027,67.8
532749,ALLCARGO LOGISTICS LTD.,INE418H01029,34.86
543954,Allcargo Terminals Limited,INE0NN701020,28.93
532633,Alldigi Tech Limited,INE835G01018,916.95
544203,Allied Blenders and Distillers,INE552Z01027,425.25
521070,ALOK INDUSTRIES LTD.,INE270A01029,20.49
500008,Amara Raja Energy & Mobility L,INE885A01032,962.75
540902,Amber Enterprises India Limite,INE371P01015,6845.05
543415,Anand Rathi Wealth Limited,INE463V01026,2073
515055,ANANT RAJ LIMITED,INE242C01024,554
502330,ANDHRA PAPER LIMITED,INE435A01051,83.21
526173,ANDREW YULE & COMPANY LTD.,INE449C01025,31.68
543235,ANGEL ONE LIMITED,INE732I01013,2910.6
543254,Antony Waste Handling Cell Lim,INE01BK01022,656.9
543275,Anupam Rasayan India Limited,INE930P01018,1132.65
532259,APAR INDUSTRIES LTD.,INE372A01015,8435.95
523694,APCOTEX INDUSTRIES LTD.,INE116A01032,392.15
544111,Apeejay Surrendra Park Hotels,INE988S01028,161.85
540879,Apollo Micro Systems Limited,INE713T01028,192.8
531761,APOLLO PIPES LIMITED,INE126J01016,426.75
500877,APOLLO TYRES LTD.,INE438A01022,447.1
532475,APTECH LTD.,INE266F01018,157.95
543335,Aptus Value Housing Finance In,INE852O01025,318.6
543657,Archean Chemical Industries Li,INE128X01021,629.95
506194,ARIHANT SUPERSTRUCTURES LIMITE,INE643K01018,380.9
544261,ARKADE DEVELOPERS LIMITED,INE0QRL01017,195.15
531179,ARMAN FINANCIAL SERVICES LTD.,INE109C01017,1752.1
542919,Artemis Medicare Services Limi,INE025R01021,253.8
542484,Arvind Fashions Limited,INE955V01021,482.65
500101,ARVIND LTD.,INE034A01011,354.75
539301,Arvind SmartSpaces Limited,INE034S01021,664.85
515030,ASAHI INDIA GLASS LTD.,INE439A01020,733.85
527001,ASHAPURA MINECHEM LTD.,INE348A01023,429.5
523716,ASHIANA HOUSING LTD.,INE365D01021,349.15
533271,ASHOKA BUILDCON LTD.,INE442H01029,212.65
544022,ASK Automotive Limited,INE491J01022,523.1
533138,ASTEC LIFESCIENCES LIMITED,INE563J01010,938.55
540975,Aster DM Healthcare Limited,INE914M01019,588.1
532493,ASTRA MICROWAVE PRODUCTS LTD.,INE386C01029,1047.8
506820,ASTRAZENECA PHARMA INDIA LTD.,INE203A01020,8896.3
531795,ATUL AUTO LTD.,INE951D01028,455.1
500027,ATUL LTD.,INE100A01010,7402.1
539177,Authum Investment & Infrastruc,INE206F01022,2625.35
505010,AUTOMOTIVE AXLES LTD.,INE449A01011,1821.8
540649,AVADH SUGAR & ENERGY LIMITED,INE349W01017,504.1
543896,Avalon Technologies Limited,INE0LCL01028,824.35
512573,AVANTI FEEDS LTD.,INE871C01038,718.6
519105,AVT NATURAL PRODUCTS LTD.,INE488D01021,66.67
544181,Awfis Space Solutions Limited,INE108V01019,652.5
532395,AXISCADES TECHNOLOGIES LIMITED,INE555B01013,1425.3
544061,Azad Engineering Limited,INE02IJ01035,1600.95
532719,B.L.KASHYAP AND SONS LTD.,INE350H01032,66.36
544243,Baazar Style Retail Limited,INE01FR01028,298.35
533229,BAJAJ CONSUMER CARE LIMITED,INE933K01021,205.7
500031,BAJAJ ELECTRICALS LTD.,INE193E01025,684.1
500032,BAJAJ HINDUSTHAN SUGAR LIMITED,INE306A01021,25.91
544042,Bajel Projects Limited,INE0KQN01018,243.9
530999,BALAJI AMINES LTD.,INE050E01027,1787.05
523319,BALMER LAWRIE & CO.LTD.,INE164A01016,213.6
532485,BALMER LAWRIE INVESTMENTS LTD.,INE525F01025,81.24
500038,BALRAMPUR CHINI MILLS LTD.,INE119A01028,590.4
531112,BALU FORGE INDUSTRIES LIMITED,INE011E01029,679.65
500039,BANCO PRODUCTS (INDIA) LTD.,INE213C01025,588.4
500041,BANNARI AMMAN SUGARS LTD.,INE459A01010,3899
544209,Bansal Wire Industries Limited,INE0B9K01025,388.8
543283,BARBEQUE-NATION HOSPITALITY LI,INE382M01027,316.65
500042,BASF INDIA LTD.,INE373A01013,5106.25
500043,BATA INDIA LTD.,INE176A01028,1231.85
524332,BCL INDUSTRIES LIMITED,INE412G01024,42.34
539018,Beekay Steel Industries Ltd.,INE213D01015,521.9
500048,BEML LTD.,INE258A01016,4428.35
509438,BENARES HOTELS LTD.,INE664D01019,9910.1
533095,BENGAL & ASSAM COMPANY LTD.,INE083K01017,8277.15
539660,BEST AGROLIFE LIMITED,INE052T01013,323.35
533303,BF INVESTMENT LTD.,INE878K01010,493.3
532430,BF UTILITIES LTD.,INE243D01012,780.6
500052,BHANSALI ENGINEERING POLYMERS,INE922A01025,116.2
503960,BHARAT BIJLEE LTD.,INE464A01036,3063.4
541143,Bharat Dynamics Limited,INE171Z01026,1891.45
539799,Bharat Wire Ropes Limited,INE316L01019,224.45
540061,Bigbloc Construction Limited,INE412U01025,65.34
543653,Bikaji Foods International Lim,INE00E101023,754.35
500335,BIRLA CORPORATION LTD.,INE340A01012,1336.45
509675,BIRLANU LIMITED,INE557A01011,2260.9
532400,BIRLASOFT LIMITED,INE836A01035,432.35
500463,BLACK BOX LIMITED,INE676A01027,498.1
506197,BLISS GVS PHARMA LTD.,INE416D01022,157.85
544107,BLS E-Services Limited,INE0NLT01010,202.35
540073,BLS International Services Ltd,INE153T01027,379.4
526612,BLUE DART EXPRESS LTD.,INE233B01017,6367.6
544009,Blue Jet Healthcare Limited,INE0KBH01020,864.75
500067,BLUE STAR LTD.,INE472A01039,1628.1
542669,BMW INDUSTRIES LIMITED,INE374E01021,55.63
501425,BOMBAY BURMAH TRADING CORP.LTD,INE050A01025,1975.1
500020,BOMBAY DYEING & MFG.CO.LTD.,INE032A01023,162.65
543212,Borosil Limited,INE02PY01013,344.25
502219,BOROSIL RENEWABLES LIMITED,INE666D01022,528.25
544184,Borosil Scientific Limited,INE02L001032,164.9
532929,BRIGADE ENTERPRISES LTD.,INE791I01019,1110.25
517421,BUTTERFLY GANDHIMATHI APPLIANC,INE295F01017,735.4
543425,C.E. Info Systems Limited,INE0BV301023,1740.2
532834,Camlin Fine Sciences Ltd,INE052I01032,318.45
543523,Campus Activewear Limited,INE278Y01022,281.2
511196,CAN FIN HOMES LTD.,INE477A01020,791.35
533267,CANTABIL RETAIL INDIA LTD.,INE068L01024,265.4
540710,Capacit'e Infraprojects Limite,INE264T01014,337.35
544120,Capital Small Finance Bank Ltd,INE646H01017,293.45
524742,CAPLIN POINT LABORATORIES LTD.,INE475E01026,2084.6
531595,CAPRI GLOBAL CAPITAL LIMITED,INE180C01042,170.1
513375,CARBORUNDUM UNIVERSAL LTD.,INE120A01034,956.7
534804,CARE Ratings Limited,INE752H01013,1766.35
544320,CARRARO INDIA LIMITED,INE0V7W01012,435
543333,CarTrade Tech Limited,INE290S01011,1603.35
524091,CARYSIL LIMITED,INE482D01024,869.6
519600,CCL PRODUCTS (INDIA) LTD.,INE421D01022,849.35
500878,CEAT LTD.,INE482A01020,3644.25
544223,Ceigall India Limited,INE0AG901020,250.8
544012,Cello World Limited,INE0LMW01024,601.7
501150,CENTRUM CAPITAL LTD.,INE660C01027,32.3
517544,CENTUM ELECTRONICS LTD.,INE320B01020,2496.7
500280,CENTURY ENKA LTD.,INE485A01015,498.85
532548,CENTURY PLYBOARDS (I) LTD.,INE348B01021,783.8
532443,CERA SANITARYWARE LTD.,INE739E01017,6821.7
500084,CESC LTD.,INE486A01021,172.3
542399,Chalet Hotels Limited,INE427F01016,916.5
530307,CHAMAN LAL SETIA EXPORTS LTD.,INE419D01026,368.1
500085,CHAMBAL FERTILISERS & CHEMICAL,INE085A01013,560.15
543336,Chemplast Sanmar Limited,INE488A01050,440.35
500110,CHENNAI PETROLEUM CORPORATION,INE178A01016,683.15
531358,CHOICE INTERNATIONAL LTD.,INE102B01014,704.1
504973,CHOLAMANDALAM FINANCIAL HOLDIN,INE149A01033,2066.35
532756,CIE Automotive India Limited,INE536H01010,447.15
534758,CIGNITI TECHNOLOGIES LTD.,INE675C01017,1777.15
532210,CITY UNION BANK LTD.,INE491A01021,205.85
543441,CMS Info Systems Limited,INE925R01014,495.05
540678,Cochin Shipyard Limited,INE704P01025,2045
543064,Cohance Lifesciences Limited,INE03QK01018,944.05
543232,Computer Age Management Servic,INE596I01012,4292.05
543960,Concord Biotech Limited,INE338H01029,1825.15
544315,Concord Enviro Systems Limited,INE037Z01029,586.2
526829,CONFIDENCE PETROLEUM INDIA LTD,INE552D01024,50.5
522295,CONTROL PRINT LTD.,INE663B01015,789.1
508814,Cosmo First Limited,INE757A01017,1138.15
543276,Craftsman Automation Limited,INE00LO01017,5490.3
541770,CreditAccess Grameen Ltd.,INE741K01010,1218.95
544058,Credo Brands Marketing Limited,INE220Q01020,165.45
542867,CSB Bank Limited,INE679A01013,393.4
530843,CUPID LTD.,INE509F01029,107
543933,Cyient DLM Limited,INE055S01018,466.25
532175,CYIENT LIMITED,INE136B01020,1304.4
533151,D B CORP LTD,INE950I01011,273.3
544161,D P ABHUSHAN LIMITED,INE266Y01019,1438.8
533146,D-LINK (INDIA) LTD,INE250K01012,542.55
500097,DALMIA BHARAT SUGAR AND INDUST,INE495A01022,413.85
544316,DAM Capital Advisors Limited,INE284H01025,256.9
543428,Data Patterns (India) Limited,INE0IX101010,2825
532528,DATAMATICS GLOBAL SERVICES LTD,INE365B01017,620.8
532772,DCB BANK LIMITED,INE503A01015,144.8
523369,DCM SHRIRAM INDUSTRIES LTD.,INE843D01027,166.65
523367,DCM SHRIRAM LIMITED,INE499A01024,1184.75
500117,DCW LTD.,INE500A01029,83.11
543650,DCX Systems Limited,INE0KL801015,273.6
512068,DECCAN GOLD MINES LTD.,INE945F01025,145.65
544198,DEE DEVELOPMENT ENGINEERS LIMI,INE841L01016,320.5
543288,Deep Industries Limited,INE0FHS01024,445.75
500645,DEEPAK FERTILISERS & PETROCHEM,INE501A01019,1594.95
532848,DELTA CORP LTD.,INE124G01033,89.75
533137,DEN NETWORKS LTD,INE947J01015,37.56
543330,Devyani International Limited,INE872J01023,171.3
500119,DHAMPUR SUGAR MILLS LTD.,INE041A01016,153.2
532960,Dhani Services Limited,INE274G01010,68.28
507717,DHANUKA AGRITECH LTD.,INE435G01025,1661.05
523736,Dhunseri Ventures Limited,INE477B01010,344.2
540047,Dilip Buildcon Limited,INE917M01012,511.9
532839,DISH TV INDIA LTD.,INE836F01026,4.98
540701,Dishman Carbogen Amcis Limited,INE385W01011,247.5
543812,DIVGI TORQTRANSFER SYSTEMS LIM,INE753U01022,606.65
543306,Dodla Dairy Limited,INE021O01019,1455.45
505526,DOLAT ALGOTECH LIMITED,INE966A01022,100.3
541403,Dollar Industries Limited,INE325C01035,382.95
544045,DOMS Industries Limited,INE321T01012,2487
539524,Dr. Lal Pathlabs Limited,INE600L01024,2771.25
543591,DREAMFOLKS SERVICES LIMITED,INE0JS101016,231.45
532610,DWARIKESH SUGAR INDUSTRIES LTD,INE366A01041,49.79
532365,DYNACONS SYSTEMS & SOLUTIONS L,INE417B01040,1087.15
505242,DYNAMATIC TECHNOLOGIES LTD.,INE221B01012,7148.9
540795,Dynamic Cables Limited,INE600Y01019,895.5
500125,E.I.D.-PARRY (INDIA) LTD.,INE126A01031,1059.8
532927,ECLERX SERVICES LTD.,INE738I01010,3506.7
544239,ECOS (India) Mobility & Hospit,INE06HJ01020,307.3
532922,EDELWEISS FINANCIAL SERVICES L,INE532F01054,115.15
523127,EIH ASSOCIATED HOTELS LTD.,INE276C01014,375.65
500840,EIH LTD.,INE230A01023,358.85
543284,EKI Energy Services Limited,INE0CPR01018,127.6
500123,ELANTAS BECK INDIA LTD.,INE280B01018,12613.05
543626,Electronics Mart India Limited,INE02YR01019,148.7
500128,ELECTROSTEEL CASTINGS LTD.,INE086A01029,133.05
522074,ELGI EQUIPMENTS LTD.,INE285A01027,536.8
532832,EMBASSY DEVELOPMENTS LIMITED,INE069I01010,123.35
543983,EMS LIMITED,INE0OV601013,627
543533,eMudhra Limited,INE01QM01018,754.1
532178,ENGINEERS INDIA LTD.,INE510A01028,238.05
544122,Entero Healthcare Solutions Li,INE010601016,1131.1
532700,ENTERTAINMENT NETWORK (INDIA),INE265F01028,149
544290,ENVIRO INFRA ENGINEERS LIMITED,INE0LLY01014,237.85
544095,EPACK Durable Limited,INE0G5901015,343.8
543332,Epigral Limited,INE071N01016,1800.45
500135,EPL LIMITED,INE255A01020,241.45
543243,Equitas Small Finance Bank Lim,INE063P01018,66.87
540596,Eris Lifesciences Limited,INE406M01024,1679.6
500133,ESAB INDIA LTD.,INE284A01012,5129.05
544020,ESAF Small Finance Bank Ltd,INE818W01011,32.38
543532,ETHOS LIMITED,INE04TZ01018,2584.6
531508,EVEREADY INDUSTRIES INDIA LTD.,INE128A01029,315.35
508906,EVEREST INDUSTRIES LTD.,INE295A01018,548
532684,EVEREST KANTO CYLINDER LTD.,INE184H01027,140.05
500650,EXCEL INDUSTRIES LTD.,INE369A01029,1256.65
544133,EXICOM TELE-SYSTEMS LIMITED,INE777F01014,201.1
533121,EXPLEO SOLUTIONS LIMITED,INE201K01015,1281.95
543252,Fairchem Organics Limited,INE0DNW01011,934.6
530079,FAZE THREE LTD.,INE963C01033,582.9
531599,FDC LTD.,INE258B01022,479.75
544027,Fedbank Financial Services Lim,INE007N01010,114.85
505744,FEDERAL-MOGUL GOETZE (INDIA) L,INE529A01010,523.9
532768,FIEM INDUSTRIES LTD.,INE737H01014,1830
526227,FILATEX INDIA LTD.,INE816B01035,54.44
541557,Fine Organic Industries Limite,INE686Y01026,4797.85
533333,FINEOTEX CHEMICAL LTD.,INE045J01026,280.75
543386,Fino Payments Bank Limited,INE02NC01014,287.75
500144,FINOLEX CABLES LTD.,INE235A01022,960.2
500940,FINOLEX INDUSTRIES LTD.,INE183A01024,216.8
532809,FIRSTSOURCE SOLUTIONS LTD.,INE684F01012,382.55
543663,Five-Star Business Finance Ltd,INE128S01021,760.7
544030,Flair Writing Industries Limit,INE00Y201027,253.8
544186,Forbes Precision Tools and Mac,INE0TT901016,217.75
500033,FORCE MOTORS LTD.,INE451A01017,14498.1
532843,FORTIS HEALTHCARE LTD.,INE061F01013,783.95
500150,FOSECO INDIA LTD.,INE519A01011,4700.05
543652,FUSION FINANCE LIMITED,INE139R01012,205.9
540124,G N A Axles Limited,INE934S01014,326.05
543317,G R Infraprojects Limited,INE201P01022,1334.9
507488,G.M.BREWERIES LTD.,INE075D01018,729.7
505714,GABRIEL INDIA LTD.,INE524A01029,667.1
540935,Galaxy Surfactants Limited,INE600K01018,2589.25
544029,Gandhar Oil Refinery (India) L,INE717W01049,174.15
500153,GANESH BENZOPLAST LTD.,INE388A01029,98.15
526367,GANESH HOUSING CORPORATION LTD,INE460C01014,977.35
514167,GANESHA ECOSPHERE LTD.,INE845D01014,1471
542011,Garden Reach Shipbuilders & En,INE382Z01011,3032.05
500655,GARWARE HI-TECH FILMS LIMITED,INE291A01017,4182.6
509557,GARWARE TECHNICAL FIBRES LIMIT,INE276A01018,905.75
543489,Gateway Distriparks Limited,INE079J01017,65.81
532309,GE Power India Ltd,INE878A01011,316.1
506109,GENESYS INTERNATIONAL CORPORAT,INE727B01026,643.15
530343,GENUS POWER INFRASTRUCTURES LT,INE955D01029,373.7
532285,Geojit Financial Services Limi,INE007B01023,86.18
500171,GHCL LTD.,INE539A01019,611.45
511676,GIC HOUSING FINANCE LTD.,INE289B01019,194.75
543654,Global Health Limited,INE474Q01031,1136.45
533104,GLOBUS SPIRITS LTD.,INE615I01010,953
505255,GMM PFAUDLER LTD.,INE541A01023,1193.45
543401,Go Fashion (India) Limited,INE0BJS01011,869.65
506480,GOCL Corporation Limited,INE077F01035,360.3
544279,Godavari Biorefineries Limited,INE497S01012,250.4
532734,GODAWARI POWER & ISPAT LTD.,INE177H01039,189.7
500163,GODFREY PHILLIPS INDIA LTD.,INE260B01028,9050.05
540743,Godrej Agrovet Limited,INE850D01014,784.8
532630,GOKALDAS EXPORTS LTD.,INE887G01027,885.95
539725,Gokul Agro Resources Ltd,INE314T01025,298.85
526729,GOLDIAM INTERNATIONAL LTD.,INE025B01025,345.05
530655,Goodluck India Limited,INE127I01024,1148
500168,GOODYEAR INDIA LTD.,INE533A01012,944.95
544140,Gopal Snacks Limited,INE0L9R01028,347.15
544131,GPT Healthcare Limited,INE486R01017,146.9
533761,GPT INFRAPROJECTS LTD.,INE390G01014,127.9
532482,GRANULES INDIA LTD.,INE101D01020,497.3
509488,GRAPHITE INDIA LTD.,INE371A01025,569.35
505710,GRAUER & WEIL (INDIA) LTD.,INE266D01021,103.56
533282,GRAVITA INDIA LTD.,INE024L01027,1878.2
500620,GREAT EASTERN SHIPPING CO.LTD.,INE017A01032,973.8
501455,GREAVES COTTON LTD.,INE224A01026,203.7
538979,Greenlam Industries Ltd,INE544R01021,240.2
542857,Greenpanel Industries Limited,INE08ZM01014,267.4
526797,GREENPLY INDUSTRIES LTD.,INE461C01038,314.6
506076,GRINDWELL NORTON LTD.,INE536A01023,1687.4
531449,GRM OVERSEAS LTD.,INE192H01020,367.8
540602,GTPL Hathway Limited,INE869I01013,120.2
509079,GUFIC BIOSCIENCES LTD.,INE742B01025,348.65
530001,GUJARAT ALKALIES & CHEMICALS L,INE186A01019,608.1
524226,GUJARAT AMBUJA EXPORTS LTD.,INE036B01030,111.35
517300,GUJARAT INDUSTRIES POWER CO.LT,INE162A01010,206.85
532181,GUJARAT MINERAL DEVELOPMENT CO,INE131A01031,411.85
500670,GUJARAT NARMADA VALLEY FERTILI,INE113A01013,546.25
533248,GUJARAT PIPAVAV PORT LTD.,INE517F01014,162.95
500690,GUJARAT STATE FERTILIZERS & CH,INE026A01025,202.85
532702,GUJARAT STATE PETRONET LTD.,INE246F01010,331.1
506879,GUJARAT THEMIS BIOSYN LTD.,INE942C01045,349.5
538567,GULF OIL LUBRICANTS INDIA LTD,INE635Q01029,1220.85
532457,GULSHAN POLYOLS LTD.,INE255D01024,178.2
532708,GVK POWER & INFRASTRUCTURE LTD,INE251H01024,4.15
541019,H.G. Infra Engineering Limited,INE926X01010,1049.9
526407,HAMPTON SKY REALTY LIMITED,INE299D01022,26.19
543227,Happiest Minds Technologies Li,INE419U01012,650.7
544057,Happy Forgings Limited,INE330T01021,965.85
543517,Hariom Pipe Industries Limited,INE00EV01017,401.65
543600,Harsha Engineers International,INE0JUS01029,413.65
533162,HATHWAY CABLE & DATACOM LTD,INE982F01036,16.02
531531,HATSUN AGRO PRODUCT LTD.,INE473B01035,943.55
508486,HAWKINS COOKERS LTD.,INE979B01015,8132.8
517271,HBL ENGINEERING LIMITED,INE292B01021,590.8
539787,HealthCare Global Enterprises,INE075I01017,545.95
509631,HEG LTD.,INE545A01024,510.6
500292,HEIDELBERGCEMENT INDIA LTD.,INE578A01017,206.8
543242,Hemisphere Properties India Li,INE0AJG01018,138.35
543266,Heranba Industries Limited,INE694N01015,304.5
519552,HERITAGE FOODS LIMITED,INE978A01027,482.15
524669,HESTER BIOSCIENCES LTD.,INE782E01017,1845.15
506390,Heubach Colorants India Limite,INE492A01029,586.5
500183,HFCL LIMITED,INE548A01028,86.94
543411,HI-TECH PIPES LIMITED,INE106T01025,100.69
524735,HIKAL LTD.,INE475B01022,362.8
500184,Himadri Speciality Chemical Lt,INE019C01026,504.95
514043,HIMATSINGKA SEIDE LTD.,INE049A01027,148.05
532859,HINDUJA GLOBAL SOLUTIONS LTD.,INE170I01016,546.25
500185,HINDUSTAN CONSTRUCTION CO.LTD.,INE549A01026,30.47
513599,HINDUSTAN COPPER LTD.,INE531E01026,276.1
519126,HINDUSTAN FOODS LTD.,INE254N01026,535.3
500186,HINDUSTAN OIL EXPLORATION CO.L,INE345A01011,169.85
542905,Hindware Home Innovation Limit,INE05AN01011,291.4
543187,HITACHI ENERGY INDIA LIMITED,INE07Y701011,19940.4
522215,HLE GLASCOAT LIMITED,INE461D01028,446.1
500193,HLV LIMITED,INE102A01024,13.63
543929,HMA Agro Industries Limited,INE0ECP01024,32.01
543259,Home First Finance Company Ind,INE481N01025,1470.25
544014,Honasa Consumer Limited,INE0J5401028,310.35
522064,HONDA INDIA POWER PRODUCTS LIM,INE634A01018,2934.85
540530,Housing &Urban Development Cor,INE031A01017,236
540136,HPL Electric & Power Limited,INE495S01016,539.95
509820,HUHTAMAKI INDIA LIMITED,INE275B01026,215.15
500199,I G PETROCHEMICALS LTD.,INE204A01010,470.4
532835,ICRA LTD.,INE725G01011,6710.85
543932,IDEAFORGE TECHNOLOGY LIMITED,INE349Y01013,585.95
505726,IFB INDUSTRIES LTD.,INE559A01017,1554.05
500106,IFCI LTD.,INE039A01010,64.54
540774,IFGL Refractories Limited,INE133Y01011,523.05
517380,IGARASHI MOTORS INDIA LTD.,INE188B01013,483.95
542773,IIFL CAPITAL SERVICES LIMITED,INE489L01022,347.6
532636,IIFL FINANCE LIMITED,INE530B01024,470.85
543923,IKIO Technologies Limited,INE0LOJ01019,212.95
539056,IMAGICAAWORLD ENTERTAINMENT LI,INE172N01012,69.44
544172,Indegene Limited,INE065X01017,569.05
530005,INDIA CEMENTS LTD.,INE383A01012,341.3
500201,INDIA GLYCOLS LTD.,INE560A01015,2043.1
532240,INDIA NIPPON ELECTRICALS LTD.,INE092B01025,730.25
543311,India Pesticides Limited,INE0D6701023,221.05
544044,India Shelter Finance Corporat,INE922K01024,877.65
532189,INDIA TOURISM DEVELOPMENT CORP,INE353K01014,600.8
542726,IndiaMART InterMESH Limited,INE933S01016,2609.05
540750,Indian Energy Exchange Limited,INE022Q01020,189.25
504741,INDIAN HUME PIPE CO.LTD.,INE323C01030,427.5
533047,INDIAN METALS & FERRO ALLOYS L,INE919H01018,771.15
543258,Indigo Paints Limited,INE09VQ01012,1161.5
521016,INDO COUNT INDUSTRIES LTD.,INE483B01026,294.25
500207,INDO RAMA SYNTHETICS (INDIA) L,INE156A01020,47.91
532717,INDO TECH TRANSFORMERS LTD.,INE332H01014,1990.65
532612,INDOCO REMEDIES LTD.,INE873D01024,300.55
541336,IndoStar Capital Finance Limit,INE896L01010,345.3
532150,INDRAPRASTHA MEDICAL CORP.LTD.,INE681B01017,449.35
539807,INFIBEAM AVENUES LIMITED,INE483S01020,16.81
543644,InfoBeans Technologies Limited,INE344S01016,377.25
500210,INGERSOLL-RAND (INDIA) LTD.,INE177A01018,3797.2
544067,INNOVA CAPTAB LIMITED,INE0DUT01020,861.35
543667,INOX GREEN ENERGY SERVICES LIM,INE510W01014,157.65
544046,INOX India Limited,INE616N01034,1243.5
539083,Inox Wind Limited,INE066P01011,175.8
532851,INSECTICIDES (INDIA) LTD.,INE070I01018,958.75
538835,INTELLECT DESIGN ARENA LIMITED,INE306R01017,1146.4
544232,Interarch Building Solutions L,INE00M901018,2131.35
544311,International Gemmological Ins,INE0Q9301021,372.45
524164,IOL CHEMICALS & PHARMACEUTICAL,INE485C01029,97.46
500214,ION EXCHANGE (INDIA) LTD.,INE570A01022,535.05
532947,IRB INFRASTRUCTURE DEVELOPERS,INE821I01022,49.68
541956,IRCON International Ltd,INE962Y01021,204.3
544004,IRM ENERGY LIMITED,INE07U701015,299.7
533033,ISGEC HEAVY ENGINEERING LTD.,INE858B01029,1212
509496,ITD CEMENTATION INDIA LTD.,INE686A01026,889.5
523610,ITI LTD.,INE248A01017,320.4
506943,J.B.CHEMICALS & PHARMACEUTICAL,INE572A01036,1799.35
532644,J.K.CEMENT LTD.,INE823G01014,6344.45
532940,J.KUMAR INFRAPROJECTS LTD.,INE576I01022,724.9
532705,JAGRAN PRAKASHAN LTD.,INE199G01027,71.84
512237,JAI CORP LTD.,INE070D01027,112.45
500219,JAIN IRRIGATION SYSTEMS LTD.,INE175A01038,58.82
532627,JAIPRAKASH POWER VENTURES LIMI,INE351F01018,18.09
532209,JAMMU & KASHMIR BANK LTD.,INE168A01041,111.55
520051,JAMNA AUTO INDUSTRIES LTD.,INE039C01032,94.94
544118,JANA SMALL FINANCE BANK LIMITE,INE953L01027,504.8
520066,JAY BHARAT MARUTI LTD.,INE571B01036,77.87
522285,JAYASWAL NECO INDUSTRIES LTD.,INE854B01010,38.21
532605,JBM AUTO LTD.,INE927D01051,642.5
511034,JINDAL DRILLING & INDUSTRIES L,INE742C01031,637.1
500227,JINDAL POLY FILMS LTD.,INE197D01010,613.2
500378,JINDAL SAW LTD.,INE324A01032,244.05
531543,JINDAL WORLDWIDE LTD.,INE247D01039,55.8
500380,JK LAKSHMI CEMENT LTD.,INE786A01032,886.3
532162,JK PAPER LTD.,INE789E01012,371.6
530007,JK TYRE & INDUSTRIES LTD.,INE573A01042,357.15
523405,JM FINANCIAL LTD.,INE780C01023,159.35
544167,JNK India Limited,INE0OAF01028,349.75
500147,JOHN COCKERILL INDIA LIMITED,INE515A01019,3452.65
523398,Johnson Controls-Hitachi Air C,INE782A01015,1749.4
532642,JSW HOLDINGS LIMITED,INE824G01012,22094.5
520057,JTEKT India Ltd,INE643A01035,139.75
534600,JTL INDUSTRIES LIMITED,INE391J01032,77.73
543271,Jubilant Ingrevia Limited,INE0BY001018,749.75
530019,JUBILANT PHARMOVA LIMITED,INE700A01033,1173.7
544129,Juniper Hotels Limited,INE696F01016,282.45
543980,Jupiter Life Line Hospitals Li,INE682M01012,1456.1
533272,JUPITER WAGONS LIMITED,INE209L01016,386.8
535648,JUST DIAL LTD.,INE599M01018,914.15
532926,JYOTHY LABS LIMITED,INE668F01031,340
544081,Jyoti CNC Automation Limited,INE980O01024,1124.4
514448,JYOTI RESINS & ADHESIVES LTD.,INE577D01013,1361.75
514360,K&R RAIL ENGINEERING LIMITED,INE078T01026,64.42
539686,K.P. Energy Limited,INE127T01021,504.9
532889,K.P.R.MILL LIMITED,INE930H01031,1140.75
524109,KABRA EXTRUSIONTECHNIK LTD.,INE900B01029,291.7
500233,KAJARIA CERAMICS LTD.,INE217B01036,1086.05
522287,KALPATARU PROJECTS INTERNATION,INE220B01022,1225.4
533302,KALYANI INVESTMENT COMPANY LTD,INE029L01018,5179.4
500235,KALYANI STEELS LTD.,INE907A01026,933.65
532468,KAMA HOLDINGS LIMITED,INE411F01010,2903.1
532741,Kamdhenu Limited,INE390H01020,31.38
543747,Kamdhenu Ventures Limited,INE0BTI01037,10.37
532652,KARNATAKA BANK LTD.,INE614B01018,207.7
532899,KAVERI SEED COMPANY LTD.,INE455I01029,1175.7
543664,KAYNES TECHNOLOGY INDIA LIMITE,INE918Z01012,5863.3
532054,KDDL LTD.,INE291D01011,2653.6
532714,KEC INTERNATIONAL LTD.,INE389H01022,906.25
517569,KEI INDUSTRIES LTD.,INE878B01027,3784.9
505890,KENNAMETAL INDIA LTD.,INE717A01029,2357.3
532732,KEWAL KIRAN CLOTHING LTD.,INE401H01017,501.35
543669,Keystone Realtors Limited,INE263M01029,595.35
543720,KFin Technologies Limited,INE138Y01010,1345.55
522101,KILBURN ENGINEERING LTD.,INE338F01015,449.95
524019,Kingfa Science & Technology (I,INE473D01015,3341.15
540680,KIOCL Limited,INE880L01014,299.85
532967,KIRI INDUSTRIES LTD.,INE415I01015,582.45
500241,KIRLOSKAR BROTHERS LTD.,INE732A01036,2329.5
500245,KIRLOSKAR FERROUS INDUSTRIES L,INE884B01025,576.6
500243,KIRLOSKAR INDUSTRIES LTD,INE250A01039,4199.75
533293,KIRLOSKAR OIL ENGINES LTD.,INE146L01010,861.85
505283,KIRLOSKAR PNEUMATIC CO.LTD.,INE811A01020,1427.85
521248,KITEX GARMENTS LTD.,INE602G01020,280.4
524520,KMC SPECIALITY HOSPITALS (INDI,INE879K01018,66.36
532942,KNR CONSTRUCTIONS LTD.,INE634I01029,223.8
523207,KOKUYO CAMLIN LTD.,INE760A01029,131.5
532924,KOLTE-PATIL DEVELOPERS LTD.,INE094I01018,458.2
524280,KOPRAN LTD.,INE082A01010,185.75
523323,KOVAI MEDICAL CENTER & HOSPITA,INE177F01017,5808.9
530813,KRBL LTD.,INE001B01026,367.4
543308,Krishna Institute of Medical S,INE967H01025,663.8
544263,KRN HEAT EXCHANGER AND REFRIGE,INE0Q3J01015,820.2
543328,Krsnaa Diagnostics Limited,INE08LI01020,696.9
544149,KRYSTAL INTEGRATED SERVICES LI,INE0QN801017,609.15
543599,Ksolves India Limited,INE0D6I01023,344.6
532937,KUANTUM PAPERS LTD.,INE529I01021,113.55
500250,L.G.BALAKRISHNAN & BROS.LTD.,INE337A01034,1263.25
526947,LA OPALA RG LTD.,INE059D01020,257.3
543714,LANDMARK CARS LIMITED,INE559R01029,530.2
543398,Latent View Analytics Limited,INE0I7C01011,410.8
543277,Laxmi Organic Industries Limit,INE576O01020,199.3
544192,Le Travenues Technology Limite,INE0HV901016,178.7
541233,Lemon Tree Hotels Limited,INE970X01018,138.7
543240,Likhitha Infrastructure Limite,INE060901027,289.3
531633,LINCOLN PHARMACEUTICALS LTD.,INE405C01035,564.7
539992,LLOYDS ENGINEERING WORKS LIMIT,INE093R01011,68.53
512455,LLOYDS METALS AND ENERGY LTD.,INE281B01032,1547.95
500252,LMW Limited,INE269B01029,16442.3
532783,LT FOODS LTD.,INE818H01020,484.6
532796,LUMAX AUTO TECHNOLOGIES LTD.,INE872H01027,1143.55
517206,LUMAX INDUSTRIES LTD.,INE162B01018,3476.85
522241,M.M.FORGINGS LTD.,INE227C01017,375.2
538891,MAGELLANIC CLOUD LIMITED,INE613C01026,75.51
539957,Mahanagar Gas Limited,INE002S01010,1511.4
500108,MAHANAGAR TELEPHONE NIGAM LTD.,INE153A01019,51.94
500266,MAHARASHTRA SCOOTERS LTD.,INE288A01013,14126.45
500265,MAHARASHTRA SEAMLESS LTD.,INE271B01025,761.5
533088,MAHINDRA HOLIDAYS & RESORTS IN,INE998I01010,339.8
532313,MAHINDRA LIFESPACE DEVELOPERS,INE813A01018,352.75
540768,Mahindra Logistics Limited,INE766P01016,337.65
513269,MAN INDUSTRIES (INDIA) LTD.,INE993A01026,406.25
533169,MAN INFRACONSTRUCTION LTD.,INE949H01023,184.3
500268,MANALI PETROCHEMICAL LTD.,INE201A01024,67.68
531213,Manappuram Finance Ltd,INE522D01027,276.85
502157,MANGALAM CEMENT LTD.,INE347A01017,749.3
530011,MANGALORE CHEMICALS & FERTILIZ,INE558B01017,269.75
500109,MANGALORE REFINERY & PETROCHEM,INE103A01014,143.6
543995,MANOJ VAIBHAV GEMS 'N' JEWELLE,INE0KNT01012,233.75
541974,Manorama Industries Limited,INE00VM01036,1449.45
503101,MARATHON NEXTGEN REALTY LTD.,INE182D01020,642.3
524404,MARKSANS PHARMA LTD.,INE750C01026,252.3
540749,MAS Financial Services Limited,INE348L01012,312.15
523704,MASTEK LTD.,INE759A01021,2426.4
511768,MASTER TRUST LTD.,INE677D01037,146.35
540704,Matrimony.com Limited,INE866R01028,534.8
544008,Max Estates Limited,INE03EI01018,487.85
522249,MAYUR UNIQUOTERS LTD.,INE040D01038,552.05
544088,Medi Assist Healthcare Service,INE456Z01021,500.05
543427,Medplus Health Services Limite,INE804L01022,911.6
543331,Meghmani Organics Limited,INE0CT101020,97.53
531357,MERCURY EV-TECH LIMITED,INE763M01028,59.99
543426,Metro Brands Limited,INE317I01021,1136.1
542650,Metropolis Healthcare Limited,INE112L01020,1688.25
538962,Minda Corporation Limited,INE842C01021,512.95
541195,Mishra Dhatu Nigam Limited,INE099Z01011,432.4
513377,MMTC LTD.,INE123F01029,70.58
533286,MOIL LTD.,INE490G01020,384.95
533080,MOLD-TEK PACKAGING LIMITED,INE893J01029,682.15
511551,Monarch Networth Capital Limit,INE903D01011,341.6
538836,Monte Carlo Fashions Limited,INE950M01013,605.4
500288,MOREPEN LABORATORIES LTD.,INE083A01026,62.78
543498,Motherson Sumi Wiring India Li,INE0FS801015,60.11
532892,MOTILAL OSWAL FINANCIAL SERVIC,INE338I01027,855.4
544053,Motisons Jewellers Limited,INE0FRK01020,20.18
532440,MPS LTD.,INE943D01017,2656.95
543253,Mrs. Bectors Food Specialities,INE495P01012,1363.15
542597,MSTC Limited,INE255X01014,552.7
543270,MTAR Technologies Limited,INE864I01014,1590.6
542774,MUFIN GREEN FINANCE LIMITED,INE08KJ01020,73.46
500460,MUKAND LTD.,INE304A01026,140.5
544135,Mukka Proteins Limited,INE0CG401037,30.03
534091,MULTI COMMODITY EXCHANGE OF IN,INE745G01035,8859.15
544055,Muthoot Microfin Limited,INE046W01019,140.35
524709,NACL Industries Limited,INE295D01020,207.8
500296,NAHAR SPINNING MILLS LTD.,INE290A01027,274.35
532256,NALWA SONS INVESTMENTS LTD.,INE023A01030,6952.15
539551,Narayana Hrudayalaya Limited,INE410P01011,2270.15
524816,NATCO PHARMA LTD.,INE987B01026,883.75
532234,NATIONAL ALUMINIUM CO.LTD.,INE139A01034,190.9
523630,NATIONAL FERTILIZERS LTD.,INE870D01012,100.9
513023,NAVA LIMITED,INE725A01030,603.55
532504,NAVIN FLUORINE INTERNATIONAL L,INE048G01026,4820.6
539332,Navkar Corporation Limited,INE278M01019,111.2
508989,NAVNEET EDUCATION LIMITED,INE060A01024,143.25
543280,Nazara Technologies Limited,INE418L01021,1310
534309,NBCC (India) Limited,INE095N01031,123.2
500294,NCC LIMITED,INE868B01028,229.75
532864,NELCAST LTD.,INE189I01024,144.5
504112,NELCO LTD.,INE045B01015,1017.95
542665,Neogen Chemicals Limited,INE136S01016,1620.65
505355,NESCO LTD.,INE317F01035,1117.65
543945,NETWEB TECHNOLOGIES INDIA LIMI,INE0NT901020,1808.75
532798,NETWORK18 MEDIA & INVESTMENTS,INE870H01013,58.89
524558,NEULAND LABORATORIES LTD.,INE794A01010,12118.8
532529,NEW DELHI TELEVISION LTD.,INE155G01029,162.5
540900,Newgen Software Technologies L,INE619B01017,1153
524774,NGL FINE-CHEM LTD.,INE887E01022,1042.75
535136,NIBE LIMITED,INE149O01018,1682.45
543952,NIIT Learning Systems Limited,INE342G01023,343.35
500304,NIIT LTD.,INE161A01038,131.3
523385,NILKAMAL LTD.,INE310A01015,1779.95
500307,NIRLON LTD.,INE910A01012,504.9
532698,NITIN SPINNERS LTD.,INE229H01012,386.6
544286,NIVA BUPA HEALTH INSURANCE COM,INE995S01015,81.79
513683,NLC India Limited,INE589A01014,228.5
543768,NMDC Steel Limited,INE0NNS01018,41.22
500730,NOCIL LTD.,INE163A01018,194.8
544260,Northern Arc Capital Ltd.,INE850M01015,240.05
500672,NOVARTIS INDIA LTD.,INE234A01025,1002.9
530367,NRB BEARINGS LTD.,INE349A01021,292.2
531209,NUCLEUS SOFTWARE EXPORTS LTD.,INE096B01018,1177
543988,Nuvama Wealth Management Limit,INE531F01015,8298
543334,Nuvoco Vistas Corporation Limi,INE118D01016,356.55
532439,OLECTRA GREENTECH LIMITED,INE260D01016,1163.05
531092,OM INFRA LIMITED,INE239D01028,130.85
544305,One Mobikwik Systems Limited,INE0HLU01028,254.3
517536,ONWARD TECHNOLOGIES LTD.,INE229A01017,358.85
530135,OPTIEMUS INFRACOM LTD,INE350C01017,640.95
524372,Orchid Pharma Limited,INE191A01027,707.55
535754,ORIENT CEMENT LTD,INE876N01018,242.4
541301,Orient Electric Limited,INE142Z01019,223.85
533263,ORIENT GREEN POWER COMPANY LTD,INE999K01014,14.16
502420,ORIENT PAPER & INDUSTRIES LTD.,INE592A01026,28.81
544235,Orient Technologies Limited,INE0PPK01015,346.45
500078,ORIENTAL AROMATICS LIMITED,INE959C01023,379.4
500314,ORIENTAL HOTELS LTD.,INE750A01020,149.2
531859,ORIENTAL RAIL INFRASTRUCTURE L,INE457G01029,165.5
544256,P N GADGIL JEWELLERS LIMITED,INE953R01016,598.35
532900,PAISALO DIGITAL LIMITED,INE420C01059,31.78
516030,PAKKA LIMITED,INE551D01018,208.4
524820,PANAMA PETROCHEM LTD.,INE305C01029,357.75
543530,Paradeep Phosphates Limited,INE088F01024,157.85
539889,Parag Milk Foods Limited,INE883N01014,223
530555,PARAMOUNT COMMUNICATIONS LTD.,INE074B01023,56.15
543367,Paras Defence and Space Techno,INE045601015,1629.8
531120,PATEL ENGINEERING LTD.,INE244B01030,41
532742,PAUSHAK LTD.,INE111F01016,4430.95
534809,PC JEWELLER LTD.,INE785M01021,12.38
506590,PCBL Chemical Limited,INE602A01031,416.9
538730,PDS LIMITED,INE111Q01021,401.6
532808,PEARL GLOBAL INDUSTRIES LIMITE,INE940H01022,1477.9
503031,PENINSULA LAND LTD.,INE138A01028,29.94
513228,PENNAR INDUSTRIES LTD.,INE932A01024,231.05
504132,PERMANENT MAGNETS LTD.,INE418E01018,942.2
500680,PFIZER LTD.,INE182A01018,5695.4
533581,PG ELECTROPLAST LTD.,INE457L01029,760.95
539883,Pilani Investment And Industri,INE417C01014,5587.55
543635,PIRAMAL PHARMA LIMITED,INE0DK501011,202.9
513519,PITTI ENGINEERING LIMITED,INE450D01021,978.8
500333,PIX TRANSMISSIONS LTD.,INE751B01018,1594.7
544134,Platinum Industries Limited,INE0PT501018,275.75
532366,PNB GILTS LTD.,INE859A01011,98.69
540173,PNB Housing Finance Limited,INE572E01012,1106.4
539150,PNC Infratech Limited,INE195J01029,303.1
532486,POKARNA LTD.,INE637C01025,1007.25
531768,POLY MEDICURE LTD.,INE205C01021,2150.45
524051,POLYPLEX CORPORATION LTD.,INE633B01018,1217.65
524000,POONAWALLA FINCORP LIMITED,INE511C01022,455.6
544144,Popular Vehicles and Services,INE772T01024,130.05
539302,Power Mech Projects Limited,INE211R01019,3239.2
522205,PRAJ INDUSTRIES LTD.,INE074A01025,500
506022,PRAKASH INDUSTRIES LTD.,INE603A01013,162.9
540724,Prataap Snacks Limited,INE393P01035,1032.95
531637,PRAVEG LIMITED,INE722B01019,506.7
539636,Precision Camshafts Limited,INE484I01029,204.5
523539,PRECISION WIRES INDIA LTD.,INE372C01037,183.45
540293,Pricol Limited,INE726V01018,449.15
532748,PRIME FOCUS LTD.,INE367G01038,137.15
506852,Primo Chemicals Limited,INE607A01022,25.73
542907,Prince Pipes and Fittings Limi,INE689W01016,358.75
500338,PRISM JOHNSON LIMITED.,INE010A01011,155.4
530117,PRIVI SPECIALITY CHEMICALS LIM,INE959A01019,2260.95
500126,PROCTER & GAMBLE HEALTH LIMITE,INE199A01012,5922.2
543527,Prudent Corporate Advisory Ser,INE00F201020,2694.9
540544,PSP Projects Limited,INE488V01015,756.1
533344,PTC INDIA FINANCIAL SERVICES L,INE560K01014,42.64
532524,PTC INDIA LTD.,INE877F01012,179.3
539006,PTC Industries Ltd.,INE596F01018,15079.55
506618,PUNJAB CHEMICALS AND CROP PROT,INE277B01014,1240
532689,PVR INOX LIMITED,INE191H01014,966.6
539678,Quick Heal Technologies Limite,INE306L01010,352.95
544136,R K Swamy Limited,INE0NQ801033,191.65
543981,R R KABEL LIMITED,INE777K01022,1357.55
532735,R SYSTEMS INTERNATIONAL LTD.,INE411H01032,464.2
520073,RACL Geartech Limited,INE704B01017,896.35
532497,RADICO KHAITAN LTD.,INE944F01028,2591.85
539837,RAGHAV PRODUCTIVITY ENHANCERS,INE912T01018,694.95
543265,RailTel Corporation of India L,INE0DD101019,428.05
500339,RAIN INDUSTRIES LIMITED,INE855B01025,148.4
543524,Rainbow Children's Medicare Li,INE961O01016,1512.95
531500,RAJESH EXPORTS LTD.,INE343B01030,198.2
517522,RAJRATAN GLOBAL WIRE LTD.,INE451D01029,414.05
500355,RALLIS INDIA LTD.,INE613A01020,325.55
522281,RAM RATNA WIRES LTD.,INE207E01023,683.8
539309,Rama Steel Tubes Limited,INE230R01035,12.08
532369,RAMCO INDUSTRIES LTD.,INE614A01028,278.9
532370,RAMCO SYSTEMS LTD.,INE246B01019,413.9
532527,RAMKRISHNA FORGINGS LTD.,INE399G01023,668.75
533262,RAMKY INFRASTRUCTURE LTD.,INE874I01013,540.75
532661,RANE (MADRAS) LTD.,INE050H01012,906.55
505800,RANE HOLDINGS LTD.,INE384A01010,1586.1
544119,Rashi Peripherals Limited,INE0J1F01024,298.05
524230,RASHTRIYA CHEMICALS & FERTILIZ,INE027A01015,157.9
543417,RateGain Travel Technologies L,INE0CLI01024,452.95
520111,RATNAMANI METALS & TUBES LTD.,INE703B01027,2846.8
534597,RATTANINDIA ENTERPRISES LIMITE,INE834M01019,63.23
504341,RAVINDRA ENERGY LIMITED,INE206N01018,133.35
544240,Raymond Lifestyle Limited,INE02ID01020,1222.7
540065,RBL Bank Limited,INE976G01028,239.55
532805,Redington Limited,INE891D01026,320.95
543957,REDTAPE Limited,INE0LXT01019,129.25
532884,REFEX INDUSTRIES LTD.,INE056I01025,454.8
523445,RELIANCE INDUSTRIAL INFRASTRUC,INE046A01015,966.9
500390,RELIANCE INFRASTRUCTURE LTD.,INE036A01016,413.4
532915,RELIGARE ENTERPRISES LTD.,INE621H01010,221.8
532923,RENAISSANCE GLOBAL LIMITED,INE722H01024,121.05
535322,REPCO HOME FINANCE LTD.,INE612J01015,439.9
532687,REPRO INDIA LTD.,INE461B01014,515.85
505509,RESPONSIVE INDUSTRIES LTD.,INE688D01026,229.15
543248,Restaurant Brands Asia Limited,INE07T201019,81.19
534076,RHI MAGNESITA INDIA LIMITED,INE743M01012,484.45
520008,RICO AUTO INDUSTRIES LTD.,INE209B01025,75.98
543977,Rishabh Instruments Limited,INE0N2P01017,281.6
541556,RITES Limited,INE320J01015,280.05
543325,Rolex Rings Limited,INE645S01016,1615.95
543213,ROSSARI BIOTECH LIMITED,INE02A801020,681.85
517500,ROTO PUMPS LTD.,INE535D01037,285.8
543228,Route Mobile Limited,INE450U01017,999.4
532983,RPG LIFE SCIENCES LTD.,INE105J01010,2404.1
542333,RPSG VENTURES LIMITED,INE425Y01011,916.45
533552,RUPA & COMPANY LTD.,INE895B01021,215.35
539450,S H Kelkar and Company Limited,INE500L01026,228.15
543387,S.J.S. Enterprises Limited,INE284S01014,1257.25
540048,S.P. Apparels Limited,INE212I01016,851.45
506642,SADHANA NITROCHEM LTD.,INE888C01040,9.52
523025,SAFARI INDUSTRIES (INDIA) LTD.,INE429E01023,2126.5
502090,SAGAR CEMENTS LTD.,INE229C01021,238.85
544282,Sagility India Limited,INE0W2G01015,41.71
544306,Sai Life Sciences Limited,INE570L01029,764.5
543989,Sai Silks (Kalamandir) Limited,INE438K01021,141.35
515043,SAINT-GOBAIN SEKURIT INDIA LTD,INE068B01017,112
540642,Salasar Techno Engineering Lim,INE170V01027,7.67
543984,Samhi Hotels Limited,INE08U801020,217.05
535789,Sammaan Capital Limited,INE148I01020,140.6
544314,Sanathan Textiles Limited,INE0JPD01013,467.9
541163,Sandhar Technologies Limited,INE278H01035,543.5
504918,SANDUR MANGANESE & IRON ORES L,INE149K01016,482.7
514234,SANGAM (INDIA) LTD.,INE495C01010,489.85
526521,SANGHI INDUSTRIES LTD.,INE999B01013,64.11
530073,SANGHVI MOVERS LTD.,INE989A01032,285.3
544250,Sanofi Consumer Healthcare Ind,INE0UOS01011,5016.2
500674,SANOFI INDIA LTD,INE058A01010,6188.15
543358,Sansera Engineering Limited,INE953O01021,1376.15
544217,SANSTAR LIMITED,INE08NE01025,100.55
543397,Sapphire Foods India Limited,INE806T01020,327.8
504614,SARDA ENERGY & MINERALS LTD.,INE385C01021,450.55
532163,SAREGAMA INDIA LTD.,INE979A01025,501.85
532663,Sasken Technologies Limited,INE231F01020,1433.15
533259,Sastasundar Ventures Limited,INE019J01013,300.65
539201,SATIA INDUSTRIES LIMITED,INE170E01023,89.44
539404,SATIN CREDITCARE NETWORK LIMIT,INE836B01017,157.3
502175,SAURASHTRA CEMENT LTD.,INE626A01014,94.89
524667,SAVITA OIL TECHNOLOGIES LTD.,INE035D01020,422.9
543959,SBFC Finance Limited,INE423Y01016,106.6
534139,SCHNEIDER ELECTRIC INFRASTRUCT,INE839M01018,792.8
526807,SEAMEC LTD.,INE497B01018,839.4
543936,Senco Gold Limited,INE602W01027,349.25
544319,SENORES PHARMACEUTICALS LIMITE,INE0RB801010,567.9
532945,SEPC LIMITED,INE964H01014,13.54
512529,SEQUENT SCIENTIFIC LTD.,INE807F01027,190.1
502450,SESHASAYEE PAPER & BOARDS LTD.,INE630A01024,301.8
539199,SG FINSERVE LIMITED,INE618R01015,419.65
512329,SG MART LIMITED,INE385F01024,369.7
501423,SHAILY ENGINEERING PLASTICS LT,INE151G01028,1697.8
540797,Shalby Limited,INE597J01018,183.05
509874,SHALIMAR PAINTS LTD.,INE849C01026,96.21
540425,Shankara Building Products Lim,INE274V01019,1015.25
522034,SHANTHI GEARS LTD.,INE631A01022,492.4
538666,Sharda Cropchem Limited,INE221J01015,790.1
535602,SHARDA MOTOR INDUSTRIES LTD,INE597I01028,1913.8
540725,Share India Securities Limited,INE932X01026,179.5
540203,Sheela Foam Limited,INE916U01025,736.95
531201,SHILCHAR TECHNOLOGIES LTD.,INE024F01011,5335.35
530549,SHILPA MEDICARE LTD.,INE790G01031,861.2
523598,SHIPPING CORPORATION OF INDIA,INE109A01011,227
544142,Shipping Corporation of India,INE0PB301013,53.93
532323,SHIVA CEMENT LTD.,INE555C01029,34.86
513097,SHIVALIK BIMETAL CONTROLS LTD.,INE386D01027,557.95
539148,Shivalik Rasayan Ltd.,INE788J01021,542.45
532638,SHOPPERS STOP LTD.,INE498B01024,507.3
502180,SHREE DIGVIJAY CEMENT CO.LTD.,INE232A01011,78.7
532670,SHREE RENUKA SUGARS LTD.,INE087H01022,33.07
543419,Shriram Properties Limited,INE217L01019,98.9
543299,Shyam Metalics and Energy Limi,INE810G01011,853.95
543389,Sigachi Industries Limited,INE0D0K01022,55.18
543990,SIGNATUREGLOBAL (INDIA) LIMITE,INE903U01023,1242.2
544117,Signpost India Limited,INE0KGZ01021,194.8
532029,SINDHU TRADE LINKS LIMITED,INE325D01025,26.08
543686,Sirca Paints India Limited,INE792Z01011,381.65
540673,SIS LIMITED,INE285J01028,375.05
503811,SIYARAM SILK MILLS LTD.,INE076B01028,698.95
500472,SKF INDIA LTD.,INE640A01023,4616.45
538562,SKIPPER LTD,INE439E01022,499.15
543263,SMC Global Securities Limited,INE103C01036,151.4
505192,SML ISUZU LIMITED,INE294B01019,2035
532815,SMS PHARMACEUTICALS LTD.,INE812G01025,248.6
538635,SNOWMAN LOGISTICS LTD,INE734N01019,60.83
532784,SOBHA,INE671H01015,1455.1
541540,SOLARA ACTIVE PHARMA SCIENCES,INE624Z01016,617.35
531548,SOMANY CERAMICS LTD.,INE355A01028,569.9
532221,SONATA SOFTWARE LTD.,INE269A01021,412.65
532218,SOUTH INDIAN BANK LTD.,INE683A01023,30.08
542759,Spandana Sphoorty Financial Li,INE572J01011,279
539221,Sportking India Ltd.,INE885H01029,112.65
544202,STANLEY LIFESTYLES LIMITED,INE01A001028,349.95
540575,Star Cement Limited,INE460H01021,214.3
534748,STEEL EXCHANGE INDIA LTD.,INE503B01021,9.95
513262,STEEL STRIPS WHEELS LTD.,INE802C01033,274
513517,STEELCAST LTD.,INE124E01020,1094.9
542760,STERLING AND WILSON RENEWABLE,INE00M201021,318.8
530759,STERLING TOOLS LTD.,INE334A01023,355
532374,STERLITE TECHNOLOGIES LTD.,INE089C01029,107.55
544395,STL Networks Limited,INE1VXE01018,22.52
543260,STOVE KRAFT LIMITED,INE00IN01015,586.4
532531,STRIDES PHARMA SCIENCE LIMITED,INE939A01011,899.65
526951,STYLAM INDUSTRIES LIMITED,INE239C01020,1654.45
506222,Styrenix Performance Materials,INE189B01011,3190.5
532348,SUBEX LTD.,INE754A01055,14.26
517168,SUBROS LTD.,INE287B01021,935.55
506655,SUDARSHAN CHEMICAL INDUSTRIES,INE659A01023,1259.3
543711,Sula Vineyards Limited,INE142Q01026,303.15
542920,SUMITOMO CHEMICAL INDIA LIMITE,INE258G01013,521.05
533306,SUMMIT SECURITIES LTD.,INE519C01017,2096.45
532872,SUN PHARMA ADVANCED RESEARCH C,INE232I01014,161.6
544066,SUNDARAM-CLAYTON LIMITED,INE0Q3R01026,2059.65
500403,SUNDRAM FASTENERS LTD.,INE387A01021,999.25
500215,SUNDROP BRANDS LIMITED,INE209A01019,840.6
500404,SUNFLAG IRON & STEEL CO.LTD.,INE947A01014,299.7
512179,SUNTECK REALTY LTD.,INE805D01034,443.35
532509,SUPRAJIT ENGINEERING LTD.,INE399C01030,474
500405,SUPREME PETROCHEM LTD.,INE663A01033,876.4
543434,Supriya Lifescience Limited,INE07RO01027,688
544054,Suraj Estate Developers Limite,INE843S01025,369.15
544293,SURAKSHA DIAGNOSTIC LIMITED,INE877V01027,331.2
543218,SURATWWALA BUSINESS GROUP LIMI,INE05ST01028,45.34
500336,SURYA ROSHNI LTD.,INE335A01020,344.9
543279,Suryoday Small Finance Bank Li,INE428Q01011,140.1
530239,SUVEN LIFE SCIENCES LTD.,INE495B01038,238.7
537259,SUYOG TELEMATICS LTD,INE442P01014,890
503310,SWAN ENERGY LTD.,INE665A01038,448.95
500407,SWARAJ ENGINES LTD.,INE277A01016,4102.45
532051,SWELECT ENERGY SYSTEMS LIMITED,INE409B01013,606
517385,SYMPHONY LIMITED,INE225D01027,1080.8
524470,SYNCOM FORMULATIONS (INDIA) LT,INE312C01025,19.26
539268,Syngene International Limited,INE398R01022,643.15
543573,Syrma SGS Technology Limited,INE0DYJ01015,557.1
533553,T D POWER SYSTEMS LTD.,INE419M01027,506
532390,TAJGVK HOTELS & RESORTS LTD.,INE586B01026,407.8
505160,TALBROS AUTOMOTIVE COMPONENTS,INE187D01029,289.55
531426,TAMIL NADU NEWSPRINT & PAPERS,INE107A01015,165.4
543596,Tamilnad Mercantile Bank Limit,INE668A01016,442.95
506854,TANFAC INDUSTRIES LTD.,INE639B01015,3677.05
532790,TANLA PLATFORMS LIMITED,INE483C01032,647.2
543249,TARC LIMITED,INE0EK901012,191.25
543399,Tarsons Products Limited,INE144Z01023,384.8
519091,TASTY BITE EATABLES LTD.,INE488B01017,11093.05
500770,TATA CHEMICALS LTD.,INE092A01019,933.85
501301,TATA INVESTMENT CORPORATION LT,INE672A01018,6801.95
532371,TATA TELESERVICES (MAHARASHTRA,INE517B01013,67.05
543321,Tatva Chintan Pharma Chem Limi,INE0GK401011,943
544174,TBO TEK LIMITED,INE673O01025,1393.3
540212,TCI Express Limited,INE586V01016,774.7
523301,TCPL PACKAGING LTD.,INE822C01015,3662.15
539658,TeamLease Services Limited,INE985S01024,2027.85
542141,Techno Electric & Engineering,INE285K01026,1591.55
532804,TECHNOCRAFT INDUSTRIES (INDIA),INE545H01011,3013.1
543413,Tega Industries Limited,INE011K01018,1509.3
540595,Tejas Networks Limited,INE010J01012,718.55
505400,TEXMACO INFRASTRUCTURE & HOLDI,INE435C01024,103.52
533326,TEXMACO RAIL & ENGINEERING LTD,INE621L01012,178.65
507753,TGV SRAAC Limited,INE284B01028,97.8
533158,THANGAMAYIL JEWELLERY LTD,INE085J01014,1861.85
542460,The Anup Engineering Ltd,INE294Z01018,2709.25
530199,THEMIS MEDICARE LTD.,INE083B01024,129.65
500412,THIRUMALAI CHEMICALS LTD.,INE338A01024,288.2
500413,THOMAS COOK (INDIA) LTD.,INE332A01027,162.6
539871,Thyrocare Technologies Limited,INE594H01019,996.7
507205,TILAKNAGAR INDUSTRIES LTD.,INE133E01013,349.8
532856,TIME TECHNOPLAST LTD.,INE508G01029,443.7
500414,TIMEX GROUP INDIA LTD.,INE064A01026,226.55
522113,TIMKEN INDIA LTD.,INE325A01013,3353.5
532375,TIPS MUSIC LIMITED,INE716B01029,673.85
532966,TITAGARH RAIL SYSTEMS LIMITED,INE615H01020,936.05
543955,Transindia Real Estate Limited,INE0O3901029,34.68
506687,TRANSPEK INDUSTRY LTD.,INE687A01016,1658.45
532349,TRANSPORT CORPORATION OF INDIA,INE688A01022,1134.65
544317,Transrail Lighting Limited,INE454P01035,656.7
521064,TRIDENT LTD.,INE064C01022,31.53
532356,TRIVENI ENGINEERING & INDUSTRI,INE256C01024,383.1
533655,TRIVENI TURBINE LTD.,INE152M01016,606.5
507747,TTK HEALTHCARE LTD.,INE910C01018,1281.5
517506,TTK PRESTIGE LTD.,INE690A01028,624.2
532515,TV TODAY NETWORK LTD.,INE038F01029,172.1
520056,TVS Holdings Limited,INE105A01035,11045.85
509243,TVS SRICHAKRA LTD.,INE421C01016,3031.55
543965,TVS Supply Chain Solutions Lim,INE395N01027,135.95
530131,UDAIPUR CEMENT WORKS LTD.,INE225C01029,31.63
500148,UFLEX LTD.,INE516A01017,607.5
511742,UGRO CAPITAL LIMITED,INE583D01011,174.1
542904,Ujjivan Small Finance Bank Lim,INE551W01018,48.75
506685,ULTRAMARINE & PIGMENTS LTD.,INE405A01021,503.85
506690,UNICHEM LABORATORIES LTD.,INE351A01035,592.55
544227,UNICOMMERCE ESOLUTIONS LIMITED,INE00U401027,123.2
544322,Unimech Aerospace and Manufact,INE0U3I01011,1314
543689,Uniparts India Limited,INE244O01017,384.6
500429,UNIPHOS ENTERPRISES LTD.,INE037A01022,150.3
504212,UNIVERSAL CABLES LTD.,INE279A01012,744.75
543996,Updater Services Limited,INE851I01011,290.6
517146,USHA MARTIN LTD.,INE228A01035,355.3
543238,UTI Asset Management Company L,INE094J01016,1256.5
543942,UTKARSH SMALL FINANCE BANK LIM,INE735W01017,24.19
532729,UTTAM SUGAR MILLS LTD.,INE786F01031,301.05
532953,V-GUARD INDUSTRIES LTD.,INE951I01027,385.8
534976,V-MART RETAIL LTD.,INE665J01013,856.2
507880,V.I.P.INDUSTRIES LTD.,INE054A01027,417.15
531266,V.S.T.TILLERS TRACTORS LTD.,INE764D01017,3673.8
532867,V2 RETAIL LTD.,INE945H01013,1780.9
533269,VA TECH WABAG LTD.,INE956G01038,1487.85
519156,VADILAL INDUSTRIES LTD.,INE694D01016,5560.6
532156,VAIBHAV GLOBAL LTD,INE884A01027,237.3
511431,VAKRANGEE LIMITED,INE051B01021,9.7
540145,Valiant Organics Limited,INE565V01010,424.8
533160,VALOR ESTATE LIMITED,INE879I01012,227.7
500439,VARDHMAN HOLDINGS LTD.,INE701A01023,4073.5
534392,VARDHMAN SPECIAL STEELS LTD.,INE050M01012,261.5
502986,VARDHMAN TEXTILES LTD.,INE825A01020,491.65
541578,Varroc Engineering Limited,INE665L01035,570.9
533156,VASCON ENGINEERS LTD,INE893I01013,53.44
523261,VENKYS (INDIA) LTD.,INE398A01010,1605.4
544321,Ventive Hospitality Limited,INE781S01027,685.55
543528,Venus Pipes & Tubes Limited,INE0JA001018,1361
543514,Veranda Learning Solutions Lim,INE0IQ001011,196.65
512229,VERITAS (INDIA) LTD.,INE379J01029,385.75
520113,VESUVIUS INDIA LTD.,INE386A01023,552.8
531717,Vidhi Specialty Food Ingredien,INE632C01026,409.8
543350,Vijaya Diagnostic Centre Limit,INE043W01024,989.7
524394,VIMTA LABS LTD.,INE579C01029,438.75
524200,VINATI ORGANICS LTD.,INE410B01037,1968.95
517015,VINDHYA TELELINKS LTD.,INE707A01012,1706.9
516072,VISHNU CHEMICALS LTD.,INE270I01022,533.75
543974,VISHNU PRAKASH R PUNGLIA LIMIT,INE0AE001013,169.95
532757,VOLTAMP TRANSFORMERS LTD.,INE540H01012,9281.55
539118,VRL Logistics Limited,INE366I01010,573.1
509966,VST INDUSTRIES LTD.,INE710A01016,295.65
532144,WELSPUN CORP LIMITED,INE191B01025,940.35
532553,WELSPUN ENTERPRISES LIMTED,INE625G01013,532.3
514162,WELSPUN LIVING LIMITED,INE192B01031,144.1
500365,WELSPUN SPECIALTY SOLUTIONS LI,INE731F01037,35.23
505412,WENDT (INDIA) LTD.,INE274C01019,8497.25
500444,West Coast Paper Mills Limited,INE976A01021,511.1
505533,WESTLIFE FOODWORLD LIMITED,INE274F01020,753.55
543329,Windlas Biotech Limited,INE0H5O01029,891.4
532300,WOCKHARDT LTD.,INE049B01025,1638.8
538268,WONDERLA HOLIDAYS LTD,INE066O01014,630.2
505872,WPIL LTD.,INE765D01022,417.3
532616,XCHANGING SOLUTIONS LTD.,INE692G01013,98.8
541167,YASHO INDUSTRIES LIMITED,INE616Z01012,2073.95
543950,YATHARTH HOSPITAL & TRAUMA CAR,INE0JO301016,528.05
543992,YATRA ONLINE LIMITED,INE0JR601024,86.18
522108,YUKEN INDIA LTD.,INE384C01016,1183.95
543985,ZAGGLE PREPAID OCEAN SERVICES,INE07K301024,411.3
533339,ZEN TECHNOLOGIES LTD.,INE251B01027,1923.15
504067,ZENSAR TECHNOLOGIES LTD.,INE520A01027,844.45
533023,ZF Commercial Vehicle Control,INE342J01019,13520.1
544288,ZINKA LOGISTICS SOLUTIONS LIMI,INE0UIZ01018,435.45
531335,ZYDUS WELLNESS LTD.,INE768C01010,2031.5
